GEOID,NAME,year,population
26005,"Allegan County, Michigan",2009,113449
26017,"Bay County, Michigan",2009,107434
26021,"Berrien County, Michigan",2009,160472
26025,"Calhoun County, Michigan",2009,135616
26037,"Clinton County, Michigan",2009,69893
26045,"Eaton County, Michigan",2009,106077
26049,"Genesee County, Michigan",2009,424043
26055,"Grand Traverse County, Michigan",2009,86333
26065,"Ingham County, Michigan",2009,277633
26073,"Isabella County, Michigan",2009,67176
26075,"Jackson County, Michigan",2009,159828
26077,"Kalamazoo County, Michigan",2009,248407
26081,"Kent County, Michigan",2009,608315
26087,"Lapeer County, Michigan",2009,89974
26091,"Lenawee County, Michigan",2009,99837
26093,"Livingston County, Michigan",2009,183118
26099,"Macomb County, Michigan",2009,831427
26103,"Marquette County, Michigan",2009,65703
26111,"Midland County, Michigan",2009,82548
26115,"Monroe County, Michigan",2009,152721
26121,"Muskegon County, Michigan",2009,173951
26125,"Oakland County, Michigan",2009,1205508
26139,"Ottawa County, Michigan",2009,261957
26145,"Saginaw County, Michigan",2009,200050
26147,"St. Clair County, Michigan",2009,167562
26155,"Shiawassee County, Michigan",2009,70006
26159,"Van Buren County, Michigan",2009,78227
26161,"Washtenaw County, Michigan",2009,347563
26163,"Wayne County, Michigan",2009,1925848
26125,"Oakland County, Michigan",2010,1202362
26111,"Midland County, Michigan",2010,83629
26113,"Missaukee County, Michigan",2010,14849
26115,"Monroe County, Michigan",2010,152021
26117,"Montcalm County, Michigan",2010,63342
26119,"Montmorency County, Michigan",2010,9765
26121,"Muskegon County, Michigan",2010,172188
26123,"Newaygo County, Michigan",2010,48460
26137,"Otsego County, Michigan",2010,24164
26127,"Oceana County, Michigan",2010,26570
26129,"Ogemaw County, Michigan",2010,21699
26131,"Ontonagon County, Michigan",2010,6780
26133,"Osceola County, Michigan",2010,23528
26135,"Oscoda County, Michigan",2010,8640
26153,"Schoolcraft County, Michigan",2010,8485
26139,"Ottawa County, Michigan",2010,263801
26141,"Presque Isle County, Michigan",2010,13376
26143,"Roscommon County, Michigan",2010,24449
26145,"Saginaw County, Michigan",2010,200169
26147,"St. Clair County, Michigan",2010,163040
26149,"St. Joseph County, Michigan",2010,61295
26151,"Sanilac County, Michigan",2010,43114
26163,"Wayne County, Michigan",2010,1820584
26155,"Shiawassee County, Michigan",2010,70648
26157,"Tuscola County, Michigan",2010,55729
26159,"Van Buren County, Michigan",2010,76258
26165,"Wexford County, Michigan",2010,32735
26161,"Washtenaw County, Michigan",2010,344791
26001,"Alcona County, Michigan",2010,10942
26009,"Antrim County, Michigan",2010,23580
26005,"Allegan County, Michigan",2010,111408
26003,"Alger County, Michigan",2010,9601
26007,"Alpena County, Michigan",2010,29598
26011,"Arenac County, Michigan",2010,15899
26013,"Baraga County, Michigan",2010,8860
26041,"Delta County, Michigan",2010,37069
26015,"Barry County, Michigan",2010,59173
26017,"Bay County, Michigan",2010,107771
26019,"Benzie County, Michigan",2010,17525
26021,"Berrien County, Michigan",2010,156813
26023,"Branch County, Michigan",2010,45248
26025,"Calhoun County, Michigan",2010,136146
26027,"Cass County, Michigan",2010,52293
26029,"Charlevoix County, Michigan",2010,25949
26031,"Cheboygan County, Michigan",2010,26152
26033,"Chippewa County, Michigan",2010,38520
26035,"Clare County, Michigan",2010,30926
26037,"Clinton County, Michigan",2010,75382
26039,"Crawford County, Michigan",2010,14074
26045,"Eaton County, Michigan",2010,107759
26043,"Dickinson County, Michigan",2010,26168
26047,"Emmet County, Michigan",2010,32694
26063,"Huron County, Michigan",2010,33118
26049,"Genesee County, Michigan",2010,425790
26051,"Gladwin County, Michigan",2010,25692
26053,"Gogebic County, Michigan",2010,16427
26055,"Grand Traverse County, Michigan",2010,86986
26057,"Gratiot County, Michigan",2010,42476
26059,"Hillsdale County, Michigan",2010,46688
26061,"Houghton County, Michigan",2010,36628
26075,"Jackson County, Michigan",2010,160248
26065,"Ingham County, Michigan",2010,280895
26067,"Ionia County, Michigan",2010,63905
26069,"Iosco County, Michigan",2010,25887
26071,"Iron County, Michigan",2010,11817
26073,"Isabella County, Michigan",2010,70311
26091,"Lenawee County, Michigan",2010,99892
26077,"Kalamazoo County, Michigan",2010,250331
26079,"Kalkaska County, Michigan",2010,17153
26081,"Kent County, Michigan",2010,602622
26083,"Keweenaw County, Michigan",2010,2156
26085,"Lake County, Michigan",2010,11539
26087,"Lapeer County, Michigan",2010,88319
26089,"Leelanau County, Michigan",2010,21708
26109,"Menominee County, Michigan",2010,24029
26093,"Livingston County, Michigan",2010,180967
26095,"Luce County, Michigan",2010,6631
26097,"Mackinac County, Michigan",2010,11113
26099,"Macomb County, Michigan",2010,840978
26101,"Manistee County, Michigan",2010,24733
26103,"Marquette County, Michigan",2010,67077
26107,"Mecosta County, Michigan",2010,42798
26105,"Mason County, Michigan",2010,28705
26005,"Allegan County, Michigan",2011,111234
26017,"Bay County, Michigan",2011,107110
26021,"Berrien County, Michigan",2011,156941
26025,"Calhoun County, Michigan",2011,135490
26037,"Clinton County, Michigan",2011,75469
26045,"Eaton County, Michigan",2011,108056
26049,"Genesee County, Michigan",2011,422080
26055,"Grand Traverse County, Michigan",2011,88349
26065,"Ingham County, Michigan",2011,281613
26073,"Isabella County, Michigan",2011,70622
26075,"Jackson County, Michigan",2011,159748
26077,"Kalamazoo County, Michigan",2011,252074
26081,"Kent County, Michigan",2011,608453
26087,"Lapeer County, Michigan",2011,88082
26091,"Lenawee County, Michigan",2011,99440
26093,"Livingston County, Michigan",2011,181722
26099,"Macomb County, Michigan",2011,842145
26103,"Marquette County, Michigan",2011,67694
26111,"Midland County, Michigan",2011,84063
26115,"Monroe County, Michigan",2011,151560
26121,"Muskegon County, Michigan",2011,171302
26125,"Oakland County, Michigan",2011,1210145
26139,"Ottawa County, Michigan",2011,266300
26145,"Saginaw County, Michigan",2011,199088
26147,"St. Clair County, Michigan",2011,161642
26155,"Shiawassee County, Michigan",2011,69841
26159,"Van Buren County, Michigan",2011,76131
26161,"Washtenaw County, Michigan",2011,347962
26163,"Wayne County, Michigan",2011,1802096
26111,"Midland County, Michigan",2012,83822
26091,"Lenawee County, Michigan",2012,98987
26005,"Allegan County, Michigan",2012,112039
26125,"Oakland County, Michigan",2012,1220657
26121,"Muskegon County, Michigan",2012,170182
26087,"Lapeer County, Michigan",2012,88173
26073,"Isabella County, Michigan",2012,70617
26021,"Berrien County, Michigan",2012,156067
26037,"Clinton County, Michigan",2012,76001
26065,"Ingham County, Michigan",2012,281723
26077,"Kalamazoo County, Michigan",2012,254580
26025,"Calhoun County, Michigan",2012,135099
26081,"Kent County, Michigan",2012,614462
26145,"Saginaw County, Michigan",2012,198353
26017,"Bay County, Michigan",2012,106935
26147,"St. Clair County, Michigan",2012,160644
26159,"Van Buren County, Michigan",2012,75454
26161,"Washtenaw County, Michigan",2012,350946
26163,"Wayne County, Michigan",2012,1792365
26055,"Grand Traverse County, Michigan",2012,89112
26075,"Jackson County, Michigan",2012,160309
26049,"Genesee County, Michigan",2012,418408
26093,"Livingston County, Michigan",2012,182838
26103,"Marquette County, Michigan",2012,67906
26099,"Macomb County, Michigan",2012,847383
26155,"Shiawassee County, Michigan",2012,69232
26045,"Eaton County, Michigan",2012,108008
26115,"Monroe County, Michigan",2012,151048
26139,"Ottawa County, Michigan",2012,269099
26115,"Monroe County, Michigan",2013,150376
26139,"Ottawa County, Michigan",2013,272701
26111,"Midland County, Michigan",2013,83919
26091,"Lenawee County, Michigan",2013,99188
26077,"Kalamazoo County, Michigan",2013,256725
26025,"Calhoun County, Michigan",2013,135012
26081,"Kent County, Michigan",2013,621700
26145,"Saginaw County, Michigan",2013,196542
26017,"Bay County, Michigan",2013,106832
26005,"Allegan County, Michigan",2013,112531
26125,"Oakland County, Michigan",2013,1231640
26121,"Muskegon County, Michigan",2013,171008
26087,"Lapeer County, Michigan",2013,88389
26073,"Isabella County, Michigan",2013,70436
26021,"Berrien County, Michigan",2013,155252
26037,"Clinton County, Michigan",2013,76739
26065,"Ingham County, Michigan",2013,282234
26147,"St. Clair County, Michigan",2013,160469
26159,"Van Buren County, Michigan",2013,75455
26161,"Washtenaw County, Michigan",2013,354240
26163,"Wayne County, Michigan",2013,1775273
26055,"Grand Traverse County, Michigan",2013,89987
26075,"Jackson County, Michigan",2013,160369
26049,"Genesee County, Michigan",2013,415376
26093,"Livingston County, Michigan",2013,184443
26103,"Marquette County, Michigan",2013,67700
26099,"Macomb County, Michigan",2013,854769
26155,"Shiawassee County, Michigan",2013,68900
26045,"Eaton County, Michigan",2013,108348
26115,"Monroe County, Michigan",2014,149824
26139,"Ottawa County, Michigan",2014,276292
26111,"Midland County, Michigan",2014,83427
26091,"Lenawee County, Michigan",2014,99047
26077,"Kalamazoo County, Michigan",2014,258818
26025,"Calhoun County, Michigan",2014,134878
26081,"Kent County, Michigan",2014,629237
26145,"Saginaw County, Michigan",2014,195012
26017,"Bay County, Michigan",2014,106179
26005,"Allegan County, Michigan",2014,113847
26125,"Oakland County, Michigan",2014,1237868
26121,"Muskegon County, Michigan",2014,172344
26087,"Lapeer County, Michigan",2014,88153
26073,"Isabella County, Michigan",2014,70616
26021,"Berrien County, Michigan",2014,155233
26037,"Clinton County, Michigan",2014,77297
26065,"Ingham County, Michigan",2014,284582
26147,"St. Clair County, Michigan",2014,160078
26159,"Van Buren County, Michigan",2014,75199
26161,"Washtenaw County, Michigan",2014,356874
26163,"Wayne County, Michigan",2014,1764804
26055,"Grand Traverse County, Michigan",2014,90782
26075,"Jackson County, Michigan",2014,159741
26049,"Genesee County, Michigan",2014,412895
26093,"Livingston County, Michigan",2014,185596
26103,"Marquette County, Michigan",2014,67676
26099,"Macomb County, Michigan",2014,860112
26155,"Shiawassee County, Michigan",2014,68933
26045,"Eaton County, Michigan",2014,108579
26115,"Monroe County, Michigan",2015,149568
26139,"Ottawa County, Michigan",2015,279955
26111,"Midland County, Michigan",2015,83632
26091,"Lenawee County, Michigan",2015,98573
26077,"Kalamazoo County, Michigan",2015,260263
26025,"Calhoun County, Michigan",2015,134314
26081,"Kent County, Michigan",2015,636369
26145,"Saginaw County, Michigan",2015,193307
26017,"Bay County, Michigan",2015,105659
26005,"Allegan County, Michigan",2015,114625
26125,"Oakland County, Michigan",2015,1242304
26121,"Muskegon County, Michigan",2015,172790
26087,"Lapeer County, Michigan",2015,88373
26073,"Isabella County, Michigan",2015,70698
26021,"Berrien County, Michigan",2015,154636
26037,"Clinton County, Michigan",2015,77390
26065,"Ingham County, Michigan",2015,286085
26147,"St. Clair County, Michigan",2015,159875
26159,"Van Buren County, Michigan",2015,75077
26161,"Washtenaw County, Michigan",2015,358880
26163,"Wayne County, Michigan",2015,1759335
26055,"Grand Traverse County, Michigan",2015,91636
26075,"Jackson County, Michigan",2015,159494
26049,"Genesee County, Michigan",2015,410849
26093,"Livingston County, Michigan",2015,187316
26103,"Marquette County, Michigan",2015,67215
26099,"Macomb County, Michigan",2015,864840
26155,"Shiawassee County, Michigan",2015,68619
26045,"Eaton County, Michigan",2015,108801
26147,"St. Clair County, Michigan",2016,159587
26159,"Van Buren County, Michigan",2016,75223
26161,"Washtenaw County, Michigan",2016,364709
26163,"Wayne County, Michigan",2016,1749366
26055,"Grand Traverse County, Michigan",2016,92084
26075,"Jackson County, Michigan",2016,158460
26049,"Genesee County, Michigan",2016,408615
26093,"Livingston County, Michigan",2016,188624
26103,"Marquette County, Michigan",2016,66435
26099,"Macomb County, Michigan",2016,867730
26155,"Shiawassee County, Michigan",2016,68554
26045,"Eaton County, Michigan",2016,109160
26115,"Monroe County, Michigan",2016,149208
26139,"Ottawa County, Michigan",2016,282250
26111,"Midland County, Michigan",2016,83462
26091,"Lenawee County, Michigan",2016,98504
26077,"Kalamazoo County, Michigan",2016,261654
26025,"Calhoun County, Michigan",2016,134386
26081,"Kent County, Michigan",2016,642173
26145,"Saginaw County, Michigan",2016,192326
26017,"Bay County, Michigan",2016,104747
26005,"Allegan County, Michigan",2016,115548
26125,"Oakland County, Michigan",2016,1243970
26121,"Muskegon County, Michigan",2016,173408
26087,"Lapeer County, Michigan",2016,88340
26073,"Isabella County, Michigan",2016,71282
26021,"Berrien County, Michigan",2016,154010
26037,"Clinton County, Michigan",2016,77888
26065,"Ingham County, Michigan",2016,288051
26115,"Monroe County, Michigan",2017,149649
26005,"Allegan County, Michigan",2017,116447
26125,"Oakland County, Michigan",2017,1250836
26121,"Muskegon County, Michigan",2017,173693
26087,"Lapeer County, Michigan",2017,88174
26073,"Isabella County, Michigan",2017,71063
26139,"Ottawa County, Michigan",2017,286383
26111,"Midland County, Michigan",2017,83411
26021,"Berrien County, Michigan",2017,154259
26037,"Clinton County, Michigan",2017,78443
26065,"Ingham County, Michigan",2017,290186
26091,"Lenawee County, Michigan",2017,98623
26147,"St. Clair County, Michigan",2017,159350
26159,"Van Buren County, Michigan",2017,75353
26161,"Washtenaw County, Michigan",2017,367627
26163,"Wayne County, Michigan",2017,1753616
26055,"Grand Traverse County, Michigan",2017,91807
26075,"Jackson County, Michigan",2017,158640
26049,"Genesee County, Michigan",2017,407385
26093,"Livingston County, Michigan",2017,189651
26077,"Kalamazoo County, Michigan",2017,262985
26103,"Marquette County, Michigan",2017,66502
26025,"Calhoun County, Michigan",2017,134128
26081,"Kent County, Michigan",2017,648594
26099,"Macomb County, Michigan",2017,871375
26145,"Saginaw County, Michigan",2017,191934
26155,"Shiawassee County, Michigan",2017,68446
26017,"Bay County, Michigan",2017,104239
26045,"Eaton County, Michigan",2017,109027
26115,"Monroe County, Michigan",2018,150439
26125,"Oakland County, Michigan",2018,1259201
26121,"Muskegon County, Michigan",2018,173588
26087,"Lapeer County, Michigan",2018,88028
26139,"Ottawa County, Michigan",2018,290494
26021,"Berrien County, Michigan",2018,154141
26065,"Ingham County, Michigan",2018,292735
26159,"Van Buren County, Michigan",2018,75448
26163,"Wayne County, Michigan",2018,1753893
26055,"Grand Traverse County, Michigan",2018,92573
26049,"Genesee County, Michigan",2018,406892
26093,"Livingston County, Michigan",2018,191224
26077,"Kalamazoo County, Michigan",2018,264870
26103,"Marquette County, Michigan",2018,66516
26025,"Calhoun County, Michigan",2018,134487
26081,"Kent County, Michigan",2018,653786
26145,"Saginaw County, Michigan",2018,190800
26155,"Shiawassee County, Michigan",2018,68192
26017,"Bay County, Michigan",2018,103923
26005,"Allegan County, Michigan",2018,117327
26073,"Isabella County, Michigan",2018,70562
26111,"Midland County, Michigan",2018,83209
26037,"Clinton County, Michigan",2018,79332
26091,"Lenawee County, Michigan",2018,98266
26147,"St. Clair County, Michigan",2018,159337
26161,"Washtenaw County, Michigan",2018,370963
26075,"Jackson County, Michigan",2018,158823
26099,"Macomb County, Michigan",2018,874759
26045,"Eaton County, Michigan",2018,109826
26005,"Allegan County, Michigan",2019,118081
26073,"Isabella County, Michigan",2019,69872
26111,"Midland County, Michigan",2019,83156
26037,"Clinton County, Michigan",2019,79595
26091,"Lenawee County, Michigan",2019,98451
26147,"St. Clair County, Michigan",2019,159128
26161,"Washtenaw County, Michigan",2019,367601
26075,"Jackson County, Michigan",2019,158510
26099,"Macomb County, Michigan",2019,873972
26045,"Eaton County, Michigan",2019,110268
26115,"Monroe County, Michigan",2019,150500
26125,"Oakland County, Michigan",2019,1257584
26121,"Muskegon County, Michigan",2019,173566
26087,"Lapeer County, Michigan",2019,87607
26139,"Ottawa County, Michigan",2019,291830
26021,"Berrien County, Michigan",2019,153401
26065,"Ingham County, Michigan",2019,292406
26159,"Van Buren County, Michigan",2019,75677
26163,"Wayne County, Michigan",2019,1749343
26055,"Grand Traverse County, Michigan",2019,93088
26049,"Genesee County, Michigan",2019,405813
26093,"Livingston County, Michigan",2019,191995
26077,"Kalamazoo County, Michigan",2019,265066
26103,"Marquette County, Michigan",2019,66699
26025,"Calhoun County, Michigan",2019,134159
26081,"Kent County, Michigan",2019,656955
26145,"Saginaw County, Michigan",2019,190539
26155,"Shiawassee County, Michigan",2019,68122
26017,"Bay County, Michigan",2019,103126
26001,"Alcona County, Michigan",2020,10167
26003,"Alger County, Michigan",2020,8842
26005,"Allegan County, Michigan",2020,120502
26007,"Alpena County, Michigan",2020,28907
26009,"Antrim County, Michigan",2020,23431
26011,"Arenac County, Michigan",2020,15002
26013,"Baraga County, Michigan",2020,8158
26015,"Barry County, Michigan",2020,62423
26017,"Bay County, Michigan",2020,103856
26019,"Benzie County, Michigan",2020,17970
26021,"Berrien County, Michigan",2020,154316
26023,"Branch County, Michigan",2020,44862
26025,"Calhoun County, Michigan",2020,134310
26027,"Cass County, Michigan",2020,51589
26029,"Charlevoix County, Michigan",2020,26054
26031,"Cheboygan County, Michigan",2020,25579
26033,"Chippewa County, Michigan",2020,36785
26035,"Clare County, Michigan",2020,30856
26037,"Clinton County, Michigan",2020,79128
26039,"Crawford County, Michigan",2020,12988
26041,"Delta County, Michigan",2020,36903
26043,"Dickinson County, Michigan",2020,25947
26045,"Eaton County, Michigan",2020,109175
26047,"Emmet County, Michigan",2020,34112
26049,"Genesee County, Michigan",2020,406211
26051,"Gladwin County, Michigan",2020,25386
26053,"Gogebic County, Michigan",2020,14380
26055,"Grand Traverse County, Michigan",2020,95238
26057,"Gratiot County, Michigan",2020,41761
26059,"Hillsdale County, Michigan",2020,45746
26061,"Houghton County, Michigan",2020,37361
26063,"Huron County, Michigan",2020,31407
26065,"Ingham County, Michigan",2020,284900
26067,"Ionia County, Michigan",2020,66804
26069,"Iosco County, Michigan",2020,25237
26071,"Iron County, Michigan",2020,11631
26073,"Isabella County, Michigan",2020,64394
26075,"Jackson County, Michigan",2020,160366
26077,"Kalamazoo County, Michigan",2020,261670
26079,"Kalkaska County, Michigan",2020,17939
26081,"Kent County, Michigan",2020,657974
26083,"Keweenaw County, Michigan",2020,2046
26085,"Lake County, Michigan",2020,12096
26087,"Lapeer County, Michigan",2020,88619
26089,"Leelanau County, Michigan",2020,22301
26091,"Lenawee County, Michigan",2020,99423
26093,"Livingston County, Michigan",2020,193866
26095,"Luce County, Michigan",2020,5339
26097,"Mackinac County, Michigan",2020,10834
26099,"Macomb County, Michigan",2020,881217
26101,"Manistee County, Michigan",2020,25032
26103,"Marquette County, Michigan",2020,66017
26105,"Mason County, Michigan",2020,29052
26107,"Mecosta County, Michigan",2020,39714
26109,"Menominee County, Michigan",2020,23502
26111,"Midland County, Michigan",2020,83494
26113,"Missaukee County, Michigan",2020,15052
26115,"Monroe County, Michigan",2020,154809
26117,"Montcalm County, Michigan",2020,66614
26119,"Montmorency County, Michigan",2020,9153
26121,"Muskegon County, Michigan",2020,175824
26123,"Newaygo County, Michigan",2020,49978
26125,"Oakland County, Michigan",2020,1274395
26127,"Oceana County, Michigan",2020,26659
26129,"Ogemaw County, Michigan",2020,20770
26131,"Ontonagon County, Michigan",2020,5816
26133,"Osceola County, Michigan",2020,22891
26135,"Oscoda County, Michigan",2020,8219
26137,"Otsego County, Michigan",2020,25091
26139,"Ottawa County, Michigan",2020,296200
26141,"Presque Isle County, Michigan",2020,12982
26143,"Roscommon County, Michigan",2020,23459
26145,"Saginaw County, Michigan",2020,190124
26147,"St. Clair County, Michigan",2020,160383
26149,"St. Joseph County, Michigan",2020,60939
26151,"Sanilac County, Michigan",2020,40611
26153,"Schoolcraft County, Michigan",2020,8047
26155,"Shiawassee County, Michigan",2020,68094
26157,"Tuscola County, Michigan",2020,53323
26159,"Van Buren County, Michigan",2020,75587
26161,"Washtenaw County, Michigan",2020,372258
26163,"Wayne County, Michigan",2020,1793561
26165,"Wexford County, Michigan",2020,33673